[
  {
    "id": "4f15af3d-a022-443f-88ff-8c2ec36c0149",
    "data": [
      {
        "text": "येथे स्वागत आहे",
        "userDefined": false
      }
    ],
    "isTemplate": false,
    "count": 0,
    "lang": "mr",
    "updated": 0
  },
  {
    "id": "7f1e6e94-64b1-4ab4-a8ee-1b9633f69204",
    "data": [
      {
        "text": "सुस्वागतम",
        "userDefined": false
      }
    ],
    "isTemplate": false,
    "count": 0,
    "lang": "mr",
    "updated": 0
  },
  {
    "id": "4abb2f73-ccb7-497c-a915-7cfa26c6fc3f",
    "data": [
      {
        "text": "तुमचे मनापासून स्वागत आहे",
        "userDefined": false
      }
    ],
    "isTemplate": false,
    "count": 0,
    "lang": "mr",
    "updated": 0
  },
  {
    "id": "dfda234b-a989-459d-9a0b-0bb73c33075d",
    "data": [
      {
        "text": "ही माझ्यासाठी आनंदाची गोष्ट आहे",
        "userDefined": false
      }
    ],
    "isTemplate": false,
    "count": 0,
    "lang": "mr",
    "updated": 0
  },
  {
    "id": "84e134b3-63f8-47b6-ae16-e546468d61f0",
    "data": [
      {
        "text": "नक्कीच स्वागत आहे",
        "userDefined": false
      }
    ],
    "isTemplate": false,
    "count": 0,
    "lang": "mr",
    "updated": 0
  },
  {
    "id": "01976770-55de-4a01-a00a-e48661047226",
    "data": [
      {
        "text": "माझे सौभाग्य",
        "userDefined": false
      }
    ],
    "isTemplate": false,
    "count": 0,
    "lang": "mr",
    "updated": 0
  },
  {
    "id": "5cd5711d-dd73-4ff1-9a6b-484b20531283",
    "data": [
      {
        "text": "तुमचे स्वागत आहे",
        "userDefined": false
      }
    ],
    "isTemplate": false,
    "count": 0,
    "lang": "mr",
    "updated": 0
  }
]